timestamp,strategy,action,symbol,amount,reason,rsi2,equity,in_market
2026-06-09T14:23:57,safe,ENTRY,HON,10000.0,rsi2_dip,1.43,100000.0,True
2026-06-09T14:23:57,safe,ENTRY,PANW,10000.0,rsi2_dip,8.05,100000.0,True
2026-06-09T14:23:57,safe,ENTRY,AAPL,10000.0,rsi2_dip,8.82,100000.0,True
2026-06-09T14:23:57,safe,ADD_PARK,SPY,70000.0,,,100000.0,True
2026-06-09T14:23:57,safe,SNAPSHOT,,100000.0,,,100000.0,True
2026-06-09T15:25:13,safe,ADD_PARK,SPY,52.46,,,98722.69,True
2026-06-09T15:25:13,safe,SNAPSHOT,,98722.69,,,98722.69,True
2026-06-10T11:27:08,safe,TRIM_PARK,SPY,-62.75,,,98011.54,True
2026-06-10T11:27:08,safe,SNAPSHOT,,98011.54,,,98011.54,True
2026-06-12T11:51:50,safe,EXIT,HON,361.16,sma5_exit (+3.6%),,100804.99,True
2026-06-12T11:51:50,safe,EXIT,PANW,581.35,sma5_exit (+5.8%),,100804.99,True
2026-06-12T11:51:50,safe,EXIT,UPS,439.42,sma5_exit (+4.5%),,100804.99,True
2026-06-12T11:51:50,safe,ADD_PARK,SPY,60800.77,,,100804.99,True
2026-06-12T11:51:50,safe,SNAPSHOT,,100804.99,,,100804.99,True
2026-06-13T08:41:09,safe,EXIT,QCOM,880.75,sma5_exit (+9.0%),,100726.5,True
2026-06-13T08:41:09,safe,ADD_PARK,SPY,9835.78,,,100726.5,True
2026-06-13T08:41:09,safe,SNAPSHOT,,100726.5,,,100726.5,True
2026-06-16T16:04:19,safe,ADD_PARK,SPY,689.67,,,103012.18,True
2026-06-16T16:04:19,safe,SNAPSHOT,,103012.18,,,103012.18,True
2026-06-17T12:41:09,safe,EXIT,AAPL,-19.46,sma5_exit (-0.2%),,102668.11,True
2026-06-17T12:41:09,safe,EXIT,AMZN,366.24,sma5_exit (+3.7%),,102668.11,True
2026-06-17T12:41:09,safe,ENTRY,SLB,10266.81,rsi2_dip,6.72,102668.11,True
2026-06-17T12:41:09,safe,ADD_PARK,SPY,10295.04,,,102668.11,True
2026-06-17T12:41:09,safe,SNAPSHOT,,102668.11,,,102668.11,True
2026-06-18T11:58:04,safe,TRIM_PARK,SPY,-30782.48,,,101370.13,True
2026-06-18T11:58:04,safe,ENTRY,CVX,10137.01,rsi2_dip,5.82,101370.13,True
2026-06-18T11:58:04,safe,ENTRY,WMT,10137.01,rsi2_dip,7.55,101370.13,True
2026-06-18T11:58:04,safe,ENTRY,LLY,10137.01,rsi2_dip,8.82,101370.13,True
2026-06-18T11:58:04,safe,SNAPSHOT,,101370.13,,,101370.13,True
2026-06-23T10:45:39,safe,TRIM_PARK,SPY,-19809.52,,,100062.77,True
2026-06-23T10:45:39,safe,ENTRY,MDLZ,10006.28,rsi2_dip,6.41,100062.77,True
2026-06-23T10:45:39,safe,ENTRY,CL,10006.28,rsi2_dip,7.28,100062.77,True
2026-06-23T10:45:39,safe,SNAPSHOT,,100062.77,,,100062.77,True
2026-06-24T08:46:19,safe,EXIT,CL,82.76,sma5_exit (+0.8%),,100155.34,True
2026-06-24T08:46:19,safe,EXIT,MDLZ,16.19,sma5_exit (+0.2%),,100155.34,True
2026-06-24T08:46:19,safe,EXIT,WMT,66.26,sma5_exit (+0.7%),,100155.34,True
2026-06-24T08:46:19,safe,ENTRY,HON,10015.53,rsi2_dip,8.4,100155.34,True
2026-06-24T08:46:19,safe,ADD_PARK,SPY,19712.29,,,100155.34,True
2026-06-24T08:46:19,safe,SNAPSHOT,,100155.34,,,100155.34,True
2026-06-25T08:39:02,safe,EXIT,HON,25.92,sma5_exit (+0.3%),,100432.05,True
2026-06-25T08:39:02,safe,EXIT,LLY,-54.34,sma5_exit (-0.5%),,100432.05,True
2026-06-25T08:39:02,safe,TRIM_PARK,SPY,-126.3,,,100432.05,True
2026-06-25T08:39:02,safe,ENTRY,CDNS,10043.2,rsi2_dip,5.37,100432.05,True
2026-06-25T08:39:02,safe,ENTRY,GOOGL,10043.2,rsi2_dip,9.56,100432.05,True
2026-06-25T08:39:02,safe,SNAPSHOT,,100432.05,,,100432.05,True
2026-06-26T08:42:02,safe,TRIM_PARK,SPY,-29580.23,,,100144.72,True
2026-06-26T08:42:02,safe,ENTRY,AAPL,10014.47,rsi2_dip,1.13,100144.72,True
2026-06-26T08:42:02,safe,ENTRY,NVDA,10014.47,rsi2_dip,6.54,100144.72,True
2026-06-26T08:42:02,safe,ENTRY,GS,10014.47,rsi2_dip,7.76,100144.72,True
2026-06-26T08:42:02,safe,SNAPSHOT,,100144.72,,,100144.72,True
2026-06-27T08:07:44,safe,EXIT,SLB,-1139.89,max_hold_days (-11.1%),,100181.54,True
2026-06-27T08:07:44,safe,ADD_PARK,SPY,9972.73,,,100181.54,True
2026-06-27T08:07:44,safe,SNAPSHOT,,100181.54,,,100181.54,True
2026-06-30T08:49:32,safe,EXIT,CVX,-386.04,max_hold_days (-3.8%),,100968.58,True
2026-06-30T08:49:32,safe,EXIT,GOOGL,464.26,sma5_exit (+4.6%),,100968.58,True
2026-06-30T08:49:32,safe,ENTRY,MS,10096.86,rsi2_dip,7.69,100968.58,True
2026-06-30T08:49:32,safe,ADD_PARK,SPY,9864.19,,,100968.58,True
2026-06-30T08:49:32,safe,SNAPSHOT,,100968.58,,,100968.58,True
2026-07-01T10:52:17,safe,EXIT,AAPL,535.17,sma5_exit (+5.3%),,101557.86,True
2026-07-01T10:52:17,safe,EXIT,CDNS,45.25,sma5_exit (+0.5%),,101557.86,True
2026-07-01T10:52:17,safe,EXIT,NVDA,352.41,sma5_exit (+3.5%),,101557.86,True
2026-07-01T10:52:17,safe,TRIM_PARK,SPY,-2.47,,,101557.86,True
2026-07-01T10:52:17,safe,ENTRY,EOG,10155.79,rsi2_dip,3.74,101557.86,True
2026-07-01T10:52:17,safe,ENTRY,MDLZ,10155.79,rsi2_dip,3.81,101557.86,True
2026-07-01T10:52:17,safe,ENTRY,BAC,10155.79,rsi2_dip,8.75,101557.86,True
2026-07-01T10:52:17,safe,SNAPSHOT,,101557.86,,,101557.86,True
2026-07-03T08:40:06,safe,EXIT,EOG,79.04,sma5_exit (+0.8%),,102523.89,True
2026-07-03T08:40:06,safe,EXIT,GS,-216.42,sma5_exit (-2.2%),,102523.89,True
2026-07-03T08:40:06,safe,EXIT,MDLZ,390.49,sma5_exit (+3.8%),,102523.89,True
2026-07-03T08:40:06,safe,EXIT,MS,169.85,sma5_exit (+1.7%),,102523.89,True
2026-07-03T08:40:06,safe,ENTRY,TGT,10252.39,rsi2_dip,9.48,102523.89,True
2026-07-03T08:40:06,safe,ADD_PARK,SPY,51308.43,,,102523.89,True
2026-07-03T08:40:06,safe,SNAPSHOT,,102523.89,,,102523.89,True
2026-07-04T08:06:52,safe,EXIT,EOG,79.04,sma5_exit (+0.8%),,102523.89,True
2026-07-04T08:06:52,safe,EXIT,GS,-216.42,sma5_exit (-2.2%),,102523.89,True
2026-07-04T08:06:52,safe,EXIT,MDLZ,390.49,sma5_exit (+3.8%),,102523.89,True
2026-07-04T08:06:52,safe,EXIT,MS,169.85,sma5_exit (+1.7%),,102523.89,True
2026-07-04T08:06:52,safe,ENTRY,TGT,10252.39,rsi2_dip,9.48,102523.89,True
2026-07-04T08:06:52,safe,ADD_PARK,SPY,51308.43,,,102523.89,True
2026-07-04T08:06:52,safe,SNAPSHOT,,102523.89,,,102523.89,True
2026-07-07T10:30:58,safe,EXIT,QCOM,-2.24,sma5_exit (-0.0%),,103124.24,True
2026-07-07T10:30:58,safe,ADD_PARK,SPY,10503.41,,,103124.24,True
2026-07-07T10:30:58,safe,SNAPSHOT,,103124.24,,,103124.24,True
2026-07-08T06:39:21,safe,EXIT,SLB,315.98,sma5_exit (+3.1%),,102997.64,True
2026-07-08T06:39:21,safe,TRIM_PARK,SPY,-20276.4,,,102997.64,True
2026-07-08T06:39:21,safe,ENTRY,AMAT,10299.76,rsi2_dip,6.55,102997.64,True
2026-07-08T06:39:21,safe,ENTRY,KLAC,10299.76,rsi2_dip,7.77,102997.64,True
2026-07-08T06:39:21,safe,ENTRY,INTC,10299.76,rsi2_dip,9.28,102997.64,True
2026-07-08T06:39:21,safe,SNAPSHOT,,102997.64,,,102997.64,True
2026-07-09T10:35:19,safe,EXIT,TGT,292.85,sma5_exit (+2.9%),,104850.2,True
2026-07-09T10:35:19,safe,ENTRY,GE,10485.02,rsi2_dip,5.2,104850.2,True
2026-07-09T10:35:19,safe,ADD_PARK,SPY,840.52,,,104850.2,True
2026-07-09T10:35:19,safe,SNAPSHOT,,104850.2,,,104850.2,True
2026-07-10T10:28:49,safe,EXIT,AMAT,290.02,sma5_exit (+2.8%),,104172.54,True
2026-07-10T10:28:49,safe,EXIT,KLAC,368.95,sma5_exit (+3.6%),,104172.54,True
2026-07-10T10:28:49,safe,ADD_PARK,SPY,20155.9,,,104172.54,True
2026-07-10T10:28:49,safe,SNAPSHOT,,104172.54,,,104172.54,True
2026-07-10T22:30:48,safe,EXIT,MMM,-267.89,sma5_exit (-2.6%),,104724.34,True
2026-07-10T22:30:48,safe,TRIM_PARK,SPY,-10399.93,,,104724.34,True
2026-07-10T22:30:48,safe,ENTRY,DE,10472.43,rsi2_dip,6.89,104724.34,True
2026-07-10T22:30:48,safe,ENTRY,ABBV,10472.43,rsi2_dip,7.71,104724.34,True
2026-07-10T22:30:48,safe,SNAPSHOT,,104724.34,,,104724.34,True
2026-07-13T22:24:30,safe,TRIM_PARK,SPY,-20944.13,,,103367.45,True
2026-07-13T22:24:30,safe,ENTRY,GOOGL,10336.74,rsi2_dip,4.36,103367.45,True
2026-07-13T22:24:30,safe,ENTRY,AMGN,10336.74,rsi2_dip,6.81,103367.45,True
2026-07-13T22:24:30,safe,SNAPSHOT,,103367.45,,,103367.45,True
2026-07-14T22:27:55,safe,EXIT,GOOGL,177.67,sma5_exit (+1.7%),,103974.73,True
2026-07-14T22:27:55,safe,TRIM_PARK,SPY,-20768.12,,,103974.73,True
2026-07-14T22:27:55,safe,ENTRY,LLY,10397.47,rsi2_dip,3.47,103974.73,True
2026-07-14T22:27:55,safe,ENTRY,MRK,10397.47,rsi2_dip,8.0,103974.73,True
2026-07-14T22:27:55,safe,ENTRY,QCOM,10397.47,rsi2_dip,9.46,103974.73,True
2026-07-14T22:27:55,safe,SNAPSHOT,,103974.73,,,103974.73,True
2026-07-15T22:27:14,safe,EXIT,DE,-11.05,sma5_exit (-0.1%),,104447.81,True
2026-07-15T22:27:14,safe,EXIT,GE,-36.28,sma5_exit (-0.3%),,104447.81,True
2026-07-15T22:27:14,safe,EXIT,GOOGL,554.99,sma5_exit (+5.4%),,104447.81,True
2026-07-15T22:27:14,safe,ENTRY,JNJ,10444.78,rsi2_dip,3.68,104447.81,True
2026-07-15T22:27:14,safe,ENTRY,QCOM,10444.78,rsi2_dip,9.24,104447.81,True
2026-07-15T22:27:14,safe,ADD_PARK,SPY,10506.08,,,104447.81,True
2026-07-15T22:27:14,safe,SNAPSHOT,,104447.81,,,104447.81,True
2026-07-16T22:27:24,safe,EXIT,ABBV,206.75,sma5_exit (+2.0%),,103866.2,True
2026-07-16T22:27:24,safe,EXIT,AMGN,395.96,sma5_exit (+3.8%),,103866.2,True
2026-07-16T22:27:24,safe,ENTRY,CAT,10386.62,rsi2_dip,2.96,103866.2,True
2026-07-16T22:27:24,safe,ENTRY,CDNS,10386.62,rsi2_dip,3.89,103866.2,True
2026-07-16T22:27:24,safe,ADD_PARK,SPY,32.58,,,103866.2,True
2026-07-16T22:27:24,safe,SNAPSHOT,,103866.2,,,103866.2,True
2026-07-17T22:11:25,safe,EXIT,JNJ,214.64,sma5_exit (+2.1%),,103675.29,True
2026-07-17T22:11:25,safe,TRIM_PARK,SPY,-41112.19,,,103675.29,True
2026-07-17T22:11:25,safe,ENTRY,AMAT,10367.53,rsi2_dip,6.8,103675.29,True
2026-07-17T22:11:25,safe,ENTRY,TXN,10367.53,rsi2_dip,7.61,103675.29,True
2026-07-17T22:11:25,safe,ENTRY,ADI,10367.53,rsi2_dip,8.8,103675.29,True
2026-07-17T22:11:25,safe,ENTRY,AMD,10367.53,rsi2_dip,9.24,103675.29,True
2026-07-17T22:11:25,safe,ENTRY,KLAC,10367.53,rsi2_dip,9.95,103675.29,True
2026-07-17T22:11:25,safe,SNAPSHOT,,103675.29,,,103675.29,True
2026-07-20T22:29:17,safe,EXIT,INTC,-1178.11,max_hold_days (-11.4%),,101931.88,True
2026-07-20T22:29:17,safe,TRIM_PARK,SPY,-10341.88,,,101931.88,True
2026-07-20T22:29:17,safe,ENTRY,SLB,10193.19,rsi2_dip,3.31,101931.88,True
2026-07-20T22:29:17,safe,ENTRY,MS,10193.19,rsi2_dip,6.17,101931.88,True
2026-07-20T22:29:17,safe,SNAPSHOT,,101931.88,,,101931.88,True
2026-07-21T22:25:27,safe,EXIT,ADI,30.05,sma5_exit (+0.3%),,106511.92,True
2026-07-21T22:25:27,safe,EXIT,AMAT,302.21,sma5_exit (+2.9%),,106511.92,True
2026-07-21T22:25:27,safe,EXIT,AMD,541.96,sma5_exit (+5.2%),,106511.92,True
2026-07-21T22:25:27,safe,EXIT,CAT,541.09,sma5_exit (+5.2%),,106511.92,True
2026-07-21T22:25:27,safe,EXIT,KLAC,-62.0,sma5_exit (-0.6%),,106511.92,True
2026-07-21T22:25:27,safe,EXIT,QCOM,18.27,sma5_exit (+0.2%),,106511.92,True
2026-07-21T22:25:27,safe,EXIT,TXN,30.75,sma5_exit (+0.3%),,106511.92,True
2026-07-21T22:25:27,safe,ENTRY,SHY,10651.19,rsi2_dip,9.22,106511.92,True
2026-07-21T22:25:27,safe,ADD_PARK,SPY,63895.34,,,106511.92,True
2026-07-21T22:25:27,safe,SNAPSHOT,,106511.92,,,106511.92,True
2026-07-24T22:32:43,safe,CLOSE_PARK,SHY,,,,103939.21,True
2026-07-24T22:32:43,safe,ADD_PARK,SPY,31045.65,,,103939.21,True
2026-07-24T22:32:43,safe,SNAPSHOT,,103939.21,,,103939.21,True
2026-07-27T22:31:59,safe,EXIT,CDNS,390.1,sma5_exit (+3.8%),,104640.13,True
2026-07-27T22:31:59,safe,ADD_PARK,SPY,11127.34,,,104640.13,True
2026-07-27T22:31:59,safe,SNAPSHOT,,104640.13,,,104640.13,True
2026-07-28T22:31:15,safe,TRIM_PARK,SPY,-73417.11,,,104584.64,True
2026-07-28T22:31:15,safe,ENTRY,AMD,10458.46,rsi2_dip,3.09,104584.64,True
2026-07-28T22:31:15,safe,ENTRY,UPS,10458.46,rsi2_dip,3.29,104584.64,True
2026-07-28T22:31:15,safe,ENTRY,CAT,10458.46,rsi2_dip,3.41,104584.64,True
2026-07-28T22:31:15,safe,ENTRY,INTC,10458.46,rsi2_dip,3.51,104584.64,True
2026-07-28T22:31:15,safe,ENTRY,AMAT,10458.46,rsi2_dip,3.91,104584.64,True
2026-07-28T22:31:15,safe,ENTRY,KLAC,10458.46,rsi2_dip,4.27,104584.64,True
2026-07-28T22:31:15,safe,ENTRY,ADI,10458.46,rsi2_dip,6.11,104584.64,True
2026-07-28T22:31:15,safe,SNAPSHOT,,104584.64,,,104584.64,True
2026-07-30T22:33:35,safe,EXIT,ADI,141.59,sma5_exit (+1.4%),,108869.77,True
2026-07-30T22:33:35,safe,EXIT,AMAT,887.89,sma5_exit (+8.5%),,108869.77,True
2026-07-30T22:33:35,safe,EXIT,AMD,1083.85,sma5_exit (+10.4%),,108869.77,True
2026-07-30T22:33:35,safe,EXIT,AXP,304.33,sma5_exit (+2.9%),,108869.77,True
2026-07-30T22:33:35,safe,EXIT,INTC,947.63,sma5_exit (+9.1%),,108869.77,True
2026-07-30T22:33:35,safe,EXIT,PANW,-166.12,sma5_exit (-1.6%),,108869.77,True
2026-07-30T22:33:35,safe,ENTRY,JNJ,10886.98,rsi2_dip,8.72,108869.77,True
2026-07-30T22:33:35,safe,ADD_PARK,SPY,65281.15,,,108869.77,True
2026-07-30T22:33:35,safe,SNAPSHOT,,108869.77,,,108869.77,True
2026-07-31T22:32:47,safe,TRIM_PARK,SPY,-32252.27,,,110016.2,True
2026-07-31T22:32:47,safe,ENTRY,AAPL,11001.62,rsi2_dip,3.53,110016.2,True
2026-07-31T22:32:47,safe,ENTRY,ABBV,11001.62,rsi2_dip,9.1,110016.2,True
2026-07-31T22:32:47,safe,ENTRY,LLY,11001.62,rsi2_dip,9.41,110016.2,True
2026-07-31T22:32:47,safe,SNAPSHOT,,110016.2,,,110016.2,True
2026-08-03T22:32:28,safe,EXIT,CAT,326.72,sma5_exit (+3.1%),,110718.67,True
2026-08-03T22:32:28,safe,EXIT,KLAC,44.14,sma5_exit (+0.4%),,110718.67,True
2026-08-03T22:32:28,safe,EXIT,UPS,206.23,sma5_exit (+2.0%),,110718.67,True
2026-08-03T22:32:28,safe,ENTRY,SHY,11071.87,rsi2_dip,6.91,110718.67,True
2026-08-03T22:32:28,safe,ENTRY,CL,11071.87,rsi2_dip,8.69,110718.67,True
2026-08-03T22:32:28,safe,ADD_PARK,SPY,10542.59,,,110718.67,True
2026-08-03T22:32:28,safe,SNAPSHOT,,110718.67,,,110718.67,True
2026-08-04T22:33:45,safe,EXIT,CL,374.84,sma5_exit (+3.4%),,113535.43,True
2026-08-04T22:33:45,safe,CLOSE_PARK,SHY,,,,113535.43,True
2026-08-04T22:33:45,safe,ENTRY,TMO,11353.54,rsi2_dip,6.89,113535.43,True
2026-08-04T22:33:45,safe,ENTRY,UNH,11353.54,rsi2_dip,8.57,113535.43,True
2026-08-04T22:33:45,safe,ADD_PARK,SPY,307.71,,,113535.43,True
2026-08-04T22:33:45,safe,SNAPSHOT,,113535.43,,,113535.43,True
2026-08-05T22:32:59,safe,EXIT,JNJ,97.3,sma5_exit (+0.9%),,114725.54,True
2026-08-05T22:32:59,safe,EXIT,LLY,132.78,sma5_exit (+1.2%),,114725.54,True
2026-08-05T22:32:59,safe,EXIT,TMO,156.16,sma5_exit (+1.4%),,114725.54,True
2026-08-05T22:32:59,safe,ENTRY,XOM,11472.55,rsi2_dip,4.17,114725.54,True
2026-08-05T22:32:59,safe,ENTRY,EOG,11472.55,rsi2_dip,5.11,114725.54,True
2026-08-05T22:32:59,safe,ENTRY,COP,11472.55,rsi2_dip,8.69,114725.54,True
2026-08-05T22:32:59,safe,ADD_PARK,SPY,539.48,,,114725.54,True
2026-08-05T22:32:59,safe,SNAPSHOT,,114725.54,,,114725.54,True
2026-08-07T01:03:10,safe,EXIT,AAPL,200.92,sma5_exit (+1.8%),,114540.97,True
2026-08-07T01:03:10,safe,EXIT,XOM,31.55,sma5_exit (+0.3%),,114540.97,True
2026-08-07T01:03:10,safe,ADD_PARK,SPY,23002.67,,,114540.97,True
2026-08-07T01:03:10,safe,SNAPSHOT,,114540.97,,,114540.97,True
2026-08-07T22:03:06,safe,EXIT,ABBV,-373.61,sma5_exit (-3.4%),,114788.93,True
2026-08-07T22:03:06,safe,EXIT,COP,0.06,sma5_exit (+0.0%),,114788.93,True
2026-08-07T22:03:06,safe,ADD_PARK,SPY,22810.39,,,114788.93,True
2026-08-07T22:03:06,safe,SNAPSHOT,,114788.93,,,114788.93,True
2026-08-10T22:04:47,safe,EXIT,EOG,465.22,sma5_exit (+4.1%),,115692.51,True
2026-08-10T22:04:47,safe,EXIT,UNH,223.09,sma5_exit (+2.0%),,115692.51,True
2026-08-10T22:04:47,safe,ADD_PARK,SPY,23840.79,,,115692.51,True
2026-08-10T22:04:47,safe,SNAPSHOT,,115692.51,,,115692.51,True
2026-08-11T22:09:58,safe,TRIM_PARK,SPY,-11523.32,,,115310.15,True
2026-08-11T22:09:58,safe,ENTRY,HON,11531.01,rsi2_dip,8.89,115310.15,True
2026-08-11T22:09:58,safe,SNAPSHOT,,115310.15,,,115310.15,True
2026-08-12T22:08:16,safe,TRIM_PARK,SPY,-22943.1,,,115830.13,True
2026-08-12T22:08:16,safe,ENTRY,CB,11583.01,rsi2_dip,4.15,115830.13,True
2026-08-12T22:08:16,safe,ENTRY,AAPL,11583.01,rsi2_dip,5.81,115830.13,True
2026-08-12T22:08:16,safe,SNAPSHOT,,115830.13,,,115830.13,True
2026-08-13T22:08:41,safe,TRIM_PARK,SPY,-23462.93,,,116379.27,True
2026-08-13T22:08:41,safe,ENTRY,GE,11637.93,rsi2_dip,6.91,116379.27,True
2026-08-13T22:08:41,safe,ENTRY,RTX,11637.93,rsi2_dip,7.99,116379.27,True
2026-08-13T22:08:41,safe,SNAPSHOT,,116379.27,,,116379.27,True
2026-08-14T21:46:25,safe,EXIT,AAPL,107.46,sma5_exit (+0.9%),,116420.87,True
2026-08-14T21:46:25,safe,EXIT,GE,129.83,sma5_exit (+1.1%),,116420.87,True
2026-08-14T21:46:25,safe,EXIT,RTX,27.09,sma5_exit (+0.2%),,116420.87,True
2026-08-14T21:46:25,safe,ENTRY,AVGO,11642.09,rsi2_dip,4.64,116420.87,True
2026-08-14T21:46:25,safe,ENTRY,AMZN,11642.09,rsi2_dip,6.02,116420.87,True
2026-08-14T21:46:25,safe,ADD_PARK,SPY,11824.4,,,116420.87,True
2026-08-14T21:46:25,safe,SNAPSHOT,,116420.87,,,116420.87,True
2026-08-17T21:47:04,safe,TRIM_PARK,SPY,-69537.6,,,115563.02,True
2026-08-17T21:47:04,safe,ENTRY,BKNG,11556.3,rsi2_dip,5.14,115563.02,True
2026-08-17T21:47:04,safe,ENTRY,MMM,11556.3,rsi2_dip,6.62,115563.02,True
2026-08-17T21:47:04,safe,ENTRY,DE,11556.3,rsi2_dip,6.66,115563.02,True
2026-08-17T21:47:04,safe,ENTRY,CL,11556.3,rsi2_dip,6.77,115563.02,True
2026-08-17T21:47:04,safe,ENTRY,MSFT,11556.3,rsi2_dip,7.73,115563.02,True
2026-08-17T21:47:04,safe,ENTRY,TMO,11556.3,rsi2_dip,8.46,115563.02,True
2026-08-17T21:47:04,safe,SNAPSHOT,,115563.02,,,115563.02,True
2026-08-18T21:44:29,safe,EXIT,CB,-55.25,sma5_exit (-0.5%),,114857.96,True
2026-08-18T21:44:29,safe,ADD_PARK,SPY,11470.41,,,114857.96,True
2026-08-18T21:44:29,safe,SNAPSHOT,,114857.96,,,114857.96,True
2026-08-24T21:51:09,safe,EXIT,AVGO,-1105.86,max_hold_days (-9.5%),,114918.01,True
2026-08-24T21:51:09,safe,ENTRY,NVDA,11491.8,rsi2_dip,0.48,114918.01,True
2026-08-24T21:51:09,safe,ENTRY,INTC,11491.8,rsi2_dip,1.47,114918.01,True
2026-08-24T21:51:09,safe,ENTRY,KLAC,11491.8,rsi2_dip,2.31,114918.01,True
2026-08-24T21:51:09,safe,ENTRY,TXN,11491.8,rsi2_dip,2.57,114918.01,True
2026-08-24T21:51:09,safe,ENTRY,RTX,11491.8,rsi2_dip,5.98,114918.01,True
2026-08-24T21:51:09,safe,ENTRY,AMAT,11491.8,rsi2_dip,7.33,114918.01,True
2026-08-24T21:51:09,safe,ADD_PARK,SPY,23084.62,,,114918.01,True
2026-08-24T21:51:09,safe,SNAPSHOT,,114918.01,,,114918.01,True
2026-08-25T21:50:16,safe,EXIT,MMM,-80.5,sma5_exit (-0.7%),,114591.7,True
2026-08-25T21:50:16,safe,TRIM_PARK,SPY,-23031.75,,,114591.7,True
2026-08-25T21:50:16,safe,ENTRY,LMT,11459.17,rsi2_dip,5.81,114591.7,True
2026-08-25T21:50:16,safe,ENTRY,CVX,11459.17,rsi2_dip,5.92,114591.7,True
2026-08-25T21:50:16,safe,ENTRY,XOM,11459.17,rsi2_dip,7.67,114591.7,True
2026-08-25T21:50:16,safe,SNAPSHOT,,114591.7,,,114591.7,True
2026-08-27T00:55:26,safe,EXIT,KLAC,119.99,sma5_exit (+1.0%),,115489.07,True
2026-08-27T00:55:26,safe,EXIT,LMT,70.35,sma5_exit (+0.6%),,115489.07,True
2026-08-27T00:55:26,safe,EXIT,RTX,127.58,sma5_exit (+1.1%),,115489.07,True
2026-08-27T00:55:26,safe,ENTRY,LLY,11548.91,rsi2_dip,6.4,115489.07,True
2026-08-27T00:55:26,safe,ENTRY,EOG,11548.91,rsi2_dip,7.88,115489.07,True
2026-08-27T00:55:26,safe,ADD_PARK,SPY,11600.35,,,115489.07,True
2026-08-27T00:55:26,safe,SNAPSHOT,,115489.07,,,115489.07,True
